timestamp,ticket,direction,entry,sl,tp,atr,rr,confidence,status
2025-12-01 19:44:08,"OrderSendResult(retcode=10009, deal=2508375963, order=2841016665, volume=0.15, price=4248.184, bid=4248.024, ask=4248.184, comment='agentic-bot', request_id=3593401193, retcode_external=0, request=TradeRequest(action=1, magic=123456, order=0, symbol='XAUUSDm', volume=0.15, price=0.0, stoplimit=0.0, sl=4236.106857142858, tp=4286.8675, deviation=0, type=0, type_filling=0, type_time=0, expiration=0, comment='agentic-bot', position=0, position_by=0))",buy,4247.387,4236.106857142858,4286.8675,3.066428571428592,3.5,85,OPEN
2025-12-01 19:45:17,"OrderSendResult(retcode=10009, deal=2508382172, order=2841023821, volume=0.15, price=4248.566, bid=4248.406, ask=4248.566, comment='agentic-bot', request_id=3593401195, retcode_external=0, request=TradeRequest(action=1, magic=123456, order=0, symbol='XAUUSDm', volume=0.15, price=0.0, stoplimit=0.0, sl=4236.451, tp=4282.665, deviation=0, type=0, type_filling=0, type_time=0, expiration=0, comment='agentic-bot', position=0, position_by=0))",buy,4248.005,4236.451,4282.665,2.635428571428617,3.0,78,OPEN
2025-12-01 19:46:21,"OrderSendResult(retcode=10009, deal=2508389074, order=2841031517, volume=0.21, price=4248.028, bid=4247.868, ask=4248.028, comment='agentic-bot', request_id=3593401198, retcode_external=0, request=TradeRequest(action=1, magic=123456, order=0, symbol='XAUUSDm', volume=0.21, price=0.0, stoplimit=0.0, sl=4240.066028571428, tp=4276.5474, deviation=0, type=0, type_filling=0, type_time=0, expiration=0, comment='agentic-bot', position=0, position_by=0))",buy,4248.173,4240.066028571428,4276.5474,2.4437142857143175,3.5,82,OPEN
2025-12-01 19:47:24,"OrderSendResult(retcode=10009, deal=2508400260, order=2841043545, volume=0.25, price=4248.489, bid=4248.329, ask=4248.489, comment='agentic-bot', request_id=3593401201, retcode_external=0, request=TradeRequest(action=1, magic=123456, order=0, symbol='XAUUSDm', volume=0.25, price=0.0, stoplimit=0.0, sl=4241.1822, tp=4272.6318, deviation=0, type=0, type_filling=0, type_time=0, expiration=0, comment='agentic-bot', position=0, position_by=0))",buy,4248.171,4241.1822,4272.6318,2.46100000000011,3.5,85,OPEN
2025-12-01 19:48:28,"OrderSendResult(retcode=10009, deal=2508407312, order=2841051360, volume=0.37, price=4248.181, bid=4248.021, ask=4248.181, comment='agentic-bot', request_id=3593401202, retcode_external=0, request=TradeRequest(action=1, magic=123456, order=0, symbol='XAUUSDm', volume=0.37, price=0.0, stoplimit=0.0, sl=4243.297114285714, tp=4263.9786, deviation=0, type=0, type_filling=0, type_time=0, expiration=0, comment='agentic-bot', position=0, position_by=0))",buy,4247.893,4243.297114285714,4263.9786,2.39735714285728,3.5,85,OPEN
2025-12-01 19:49:37,"OrderSendResult(retcode=10009, deal=2508418837, order=2841063619, volume=0.52, price=4248.62, bid=4248.46, ask=4248.62, comment='agentic-bot', request_id=3593401205, retcode_external=0, request=TradeRequest(action=1, magic=123456, order=0, symbol='XAUUSDm', volume=0.52, price=0.0, stoplimit=0.0, sl=4244.3774, tp=4254.2642, deviation=0, type=0, type_filling=0, type_time=0, expiration=0, comment='agentic-bot', position=0, position_by=0))",buy,4247.673,4244.3774,4254.2642,2.1970000000001164,2.0,70,OPEN
2025-12-01 19:50:45,"OrderSendResult(retcode=10009, deal=2508431729, order=2841077469, volume=0.97, price=4245.71, bid=4245.55, ask=4245.71, comment='agentic-bot', request_id=3593401208, retcode_external=0, request=TradeRequest(action=1, magic=123456, order=0, symbol='XAUUSDm', volume=0.97, price=0.0, stoplimit=0.0, sl=4243.673457142857, tp=4249.006085714286, deviation=0, type=0, type_filling=0, type_time=0, expiration=0, comment='agentic-bot', position=0, position_by=0))",buy,4245.451,4243.673457142857,4249.006085714286,2.0269285714287304,2.0,70,OPEN
2025-12-01 19:51:48,"OrderSendResult(retcode=10009, deal=2508447534, order=2841093997, volume=0.77, price=4243.635, bid=4243.475, ask=4243.635, comment='agentic-bot', request_id=3593401212, retcode_external=0, request=TradeRequest(action=1, magic=123456, order=0, symbol='XAUUSDm', volume=0.77, price=0.0, stoplimit=0.0, sl=4241.681685714286, tp=4249.891100000001, deviation=0, type=0, type_filling=0, type_time=0, expiration=0, comment='agentic-bot', position=0, position_by=0))",buy,4243.506,4241.681685714286,4249.891100000001,2.094142857143002,3.5,85,OPEN
2025-12-01 19:52:51,"OrderSendResult(retcode=10009, deal=2508460183, order=2841107465, volume=0.41, price=4244.297, bid=4244.137, ask=4244.297, comment='agentic-bot', request_id=3593401213, retcode_external=0, request=TradeRequest(action=1, magic=123456, order=0, symbol='XAUUSDm', volume=0.41, price=0.0, stoplimit=0.0, sl=4240.660314285714, tp=4254.487400000002, deviation=0, type=0, type_filling=0, type_time=0, expiration=0, comment='agentic-bot', position=0, position_by=0))",buy,4243.733,4240.660314285714,4254.487400000002,2.040857142857281,3.5,85,OPEN
2025-12-01 19:53:55,"OrderSendResult(retcode=10009, deal=2508468410, order=2841116592, volume=0.32, price=4244.842, bid=4244.682, ask=4244.842, comment='agentic-bot', request_id=3593401214, retcode_external=0, request=TradeRequest(action=1, magic=123456, order=0, symbol='XAUUSDm', volume=0.32, price=0.0, stoplimit=0.0, sl=4240.729114285714, tp=4258.5711, deviation=0, type=0, type_filling=0, type_time=0, expiration=0, comment='agentic-bot', position=0, position_by=0))",buy,4244.694,4240.729114285714,4258.5711,1.954857142857301,3.5,88,OPEN
2025-12-01 19:55:04,"OrderSendResult(retcode=10009, deal=2508474802, order=2841123701, volume=0.32, price=4244.234, bid=4244.0740000000005, ask=4244.234, comment='agentic-bot', request_id=3593401217, retcode_external=0, request=TradeRequest(action=1, magic=123456, order=0, symbol='XAUUSDm', volume=0.32, price=0.0, stoplimit=0.0, sl=4240.756257142857, tp=4256.511228571428, deviation=0, type=0, type_filling=0, type_time=0, expiration=0, comment='agentic-bot', position=0, position_by=0))",buy,4244.695,4240.756257142857,4256.511228571428,1.9209285714287685,3.0,78,OPEN
2025-12-01 19:56:11,"OrderSendResult(retcode=10009, deal=2508486537, order=2841136142, volume=0.19, price=4247.188, bid=4247.028, ask=4247.188, comment='agentic-bot', request_id=3593401220, retcode_external=0, request=TradeRequest(action=1, magic=123456, order=0, symbol='XAUUSDm', volume=0.19, price=0.0, stoplimit=0.0, sl=4240.717857142857, tp=4267.15042857143, deviation=0, type=0, type_filling=0, type_time=0, expiration=0, comment='agentic-bot', position=0, position_by=0))",buy,4247.326,4240.717857142857,4267.15042857143,1.9689285714287377,3.0,71,OPEN
2025-12-01 19:57:20,"OrderSendResult(retcode=10009, deal=2508497754, order=2841148193, volume=0.32, price=4245.449, bid=4245.289, ask=4245.449, comment='agentic-bot', request_id=3593401221, retcode_external=0, request=TradeRequest(action=1, magic=123456, order=0, symbol='XAUUSDm', volume=0.32, price=0.0, stoplimit=0.0, sl=4240.629857142857, tp=4252.552285714287, deviation=0, type=0, type_filling=0, type_time=0, expiration=0, comment='agentic-bot', position=0, position_by=0))",buy,4244.604,4240.629857142857,4252.552285714287,2.0789285714287353,2.0,70,OPEN
2025-12-01 19:58:27,"OrderSendResult(retcode=10009, deal=2508506150, order=2841157448, volume=0.22, price=4246.425, bid=4246.265, ask=4246.425, comment='agentic-bot', request_id=3593401222, retcode_external=0, request=TradeRequest(action=1, magic=123456, order=0, symbol='XAUUSDm', volume=0.22, price=0.0, stoplimit=0.0, sl=4240.565914285714, tp=4264.15025714286, deviation=0, type=0, type_filling=0, type_time=0, expiration=0, comment='agentic-bot', position=0, position_by=0))",buy,4246.462,4240.565914285714,4264.15025714286,2.1588571428573493,3.0,78,OPEN
2025-12-01 19:59:34,"OrderSendResult(retcode=10009, deal=2508516630, order=2841168602, volume=0.19, price=4247.66, bid=4247.5, ask=4247.66, comment='agentic-bot', request_id=3593401223, retcode_external=0, request=TradeRequest(action=1, magic=123456, order=0, symbol='XAUUSDm', volume=0.19, price=0.0, stoplimit=0.0, sl=4240.556542857143, tp=4267.914371428571, deviation=0, type=0, type_filling=0, type_time=0, expiration=0, comment='agentic-bot', position=0, position_by=0))",buy,4247.396,4240.556542857143,4267.914371428571,2.1705714285716176,3.0,71,OPEN
2025-12-01 20:00:43,"OrderSendResult(retcode=10009, deal=2508527992, order=2841182521, volume=0.21, price=4245.477, bid=4245.317, ask=4245.477, comment='agentic-bot', request_id=3593401224, retcode_external=0, request=TradeRequest(action=1, magic=123456, order=0, symbol='XAUUSDm', volume=0.21, price=0.0, stoplimit=0.0, sl=4240.546885714285, tp=4264.551342857144, deviation=0, type=0, type_filling=0, type_time=0, expiration=0, comment='agentic-bot', position=0, position_by=0))",buy,4246.548,4240.546885714285,4264.551342857144,2.182642857143037,3.0,75,OPEN
2025-12-01 20:01:50,"OrderSendResult(retcode=10014, deal=0, order=0, volume=0.0, price=0.0, bid=0.0, ask=0.0, comment='Invalid volume', request_id=0, retcode_external=0, request=TradeRequest(action=1, magic=123456, order=0, symbol='XAUUSDm', volume=0.0, price=0.0, stoplimit=0.0, sl=4238.077171428571, tp=4251.090657142858, deviation=0, type=0, type_filling=0, type_time=0, expiration=0, comment='agentic-bot', position=0, position_by=0))",buy,4242.415,4238.077171428571,4251.090657142858,2.5797857142859226,2.0,70,OPEN
2025-12-01 20:02:59,"OrderSendResult(retcode=10014, deal=0, order=0, volume=0.0, price=0.0, bid=0.0, ask=0.0, comment='Invalid volume', request_id=0, retcode_external=0, request=TradeRequest(action=1, magic=123456, order=0, symbol='XAUUSDm', volume=0.0, price=0.0, stoplimit=0.0, sl=4237.833742857142, tp=4266.330771428572, deviation=0, type=0, type_filling=0, type_time=0, expiration=0, comment='agentic-bot', position=0, position_by=0))",buy,4244.958,4237.833742857142,4266.330771428572,2.8840714285715876,3.0,75,OPEN
2025-12-01 20:04:06,"OrderSendResult(retcode=10014, deal=0, order=0, volume=0.0, price=0.0, bid=0.0, ask=0.0, comment='Invalid volume', request_id=0, retcode_external=0, request=TradeRequest(action=1, magic=123456, order=0, symbol='XAUUSDm', volume=0.0, price=0.0, stoplimit=0.0, sl=4237.825285714285, tp=4260.321428571428, deviation=0, type=0, type_filling=0, type_time=0, expiration=0, comment='agentic-bot', position=0, position_by=0))",buy,4245.324,4237.825285714285,4260.321428571428,2.894642857143026,2.0,70,OPEN
2025-12-01 20:05:10,"OrderSendResult(retcode=10014, deal=0, order=0, volume=0.0, price=0.0, bid=0.0, ask=0.0, comment='Invalid volume', request_id=0, retcode_external=0, request=TradeRequest(action=1, magic=123456, order=0, symbol='XAUUSDm', volume=0.0, price=0.0, stoplimit=0.0, sl=4237.833628571428, tp=4260.992300000002, deviation=0, type=0, type_filling=0, type_time=0, expiration=0, comment='agentic-bot', position=0, position_by=0))",buy,4242.98,4237.833628571428,4260.992300000002,2.884214285714409,3.5,82,OPEN
2025-12-02 22:50:40,"OrderSendResult(retcode=10009, deal=2519160505, order=2853516944, volume=0.17, price=4191.813, bid=4191.813, ask=4191.973, comment='agentic-bot', request_id=648108172, retcode_external=0, request=TradeRequest(action=1, magic=123456, order=0, symbol='XAUUSDm', volume=0.17, price=0.0, stoplimit=0.0, sl=4194.422514285714, tp=4187.961971428573, deviation=0, type=1, type_filling=0, type_time=0, expiration=0, comment='agentic-bot', position=0, position_by=0))",sell,4192.269,4194.422514285714,4187.961971428573,1.9231428571428555,2.0,65,OPEN
2025-12-02 22:51:48,"OrderSendResult(retcode=10009, deal=2519165903, order=2853523582, volume=0.15, price=4192.186, bid=4192.186, ask=4192.346, comment='agentic-bot', request_id=648108174, retcode_external=0, request=TradeRequest(action=1, magic=123456, order=0, symbol='XAUUSDm', volume=0.15, price=0.0, stoplimit=0.0, sl=4194.412, tp=4187.044, deviation=0, type=1, type_filling=0, type_time=0, expiration=0, comment='agentic-bot', position=0, position_by=0))",sell,4191.956,4194.412,4187.044,1.9100000000000494,2.0,65,OPEN
2025-12-02 22:54:11,"OrderSendResult(retcode=10009, deal=2519178512, order=2853539467, volume=0.17, price=4191.173, bid=4191.173, ask=4191.333, comment='agentic-bot', request_id=648108177, retcode_external=0, request=TradeRequest(action=1, magic=123456, order=0, symbol='XAUUSDm', volume=0.17, price=0.0, stoplimit=0.0, sl=4194.303828571428, tp=4187.782342857144, deviation=0, type=1, type_filling=0, type_time=0, expiration=0, comment='agentic-bot', position=0, position_by=0))",sell,4192.13,4194.303828571428,4187.782342857144,1.7747857142858265,2.0,70,OPEN
2025-12-02 22:55:20,"OrderSendResult(retcode=10009, deal=2519184518, order=2853546882, volume=0.11, price=4189.984, bid=4189.984, ask=4190.144, comment='agentic-bot', request_id=648108181, retcode_external=0, request=TradeRequest(action=1, magic=123456, order=0, symbol='XAUUSDm', volume=0.11, price=0.0, stoplimit=0.0, sl=4194.321142857143, tp=4184.246714285713, deviation=0, type=1, type_filling=0, type_time=0, expiration=0, comment='agentic-bot', position=0, position_by=0))",sell,4190.963,4194.321142857143,4184.246714285713,1.7964285714286754,2.0,70,OPEN
2025-12-02 22:56:28,"OrderSendResult(retcode=10009, deal=2519190180, order=2853553972, volume=0.14, price=4192.176, bid=4192.176, ask=4192.336, comment='agentic-bot', request_id=648108183, retcode_external=0, request=TradeRequest(action=1, magic=123456, order=0, symbol='XAUUSDm', volume=0.14, price=0.0, stoplimit=0.0, sl=4194.338228571429, tp=4186.030542857144, deviation=0, type=1, type_filling=0, type_time=0, expiration=0, comment='agentic-bot', position=0, position_by=0))",sell,4191.569,4194.338228571429,4186.030542857144,1.8177857142858167,2.0,70,OPEN
2025-12-02 22:57:38,"OrderSendResult(retcode=10009, deal=2519196207, order=2853561233, volume=0.17, price=4191.953, bid=4191.953, ask=4192.113, comment='agentic-bot', request_id=648108189, retcode_external=0, request=TradeRequest(action=1, magic=123456, order=0, symbol='XAUUSDm', volume=0.17, price=0.0, stoplimit=0.0, sl=4194.344685714286, tp=4185.321942857141, deviation=0, type=1, type_filling=0, type_time=0, expiration=0, comment='agentic-bot', position=0, position_by=0))",sell,4192.089,4194.344685714286,4185.321942857141,1.8258571428572654,3.0,75,OPEN
2025-12-02 22:58:48,"OrderSendResult(retcode=10009, deal=2519205139, order=2853571746, volume=0.13, price=4191.72, bid=4191.72, ask=4191.88, comment='agentic-bot', request_id=648108191, retcode_external=0, request=TradeRequest(action=1, magic=123456, order=0, symbol='XAUUSDm', volume=0.13, price=0.0, stoplimit=0.0, sl=4194.286457142857, tp=4185.849085714286, deviation=0, type=1, type_filling=0, type_time=0, expiration=0, comment='agentic-bot', position=0, position_by=0))",sell,4191.474,4194.286457142857,4185.849085714286,1.7530714285715345,2.0,70,OPEN
2025-12-02 22:59:57,"OrderSendResult(retcode=10009, deal=2519209821, order=2853577785, volume=0.17, price=4192.037, bid=4192.037, ask=4192.197, comment='agentic-bot', request_id=648108199, retcode_external=0, request=TradeRequest(action=1, magic=123456, order=0, symbol='XAUUSDm', volume=0.17, price=0.0, stoplimit=0.0, sl=4194.213828571429, tp=4187.407342857141, deviation=0, type=1, type_filling=0, type_time=0, expiration=0, comment='agentic-bot', position=0, position_by=0))",sell,4191.945,4194.213828571429,4187.407342857141,1.6622857142857745,2.0,70,OPEN
2025-12-02 23:01:07,"OrderSendResult(retcode=10009, deal=2519216750, order=2853586119, volume=0.13, price=4192.792, bid=4192.792, ask=4192.952, comment='agentic-bot', request_id=648108208, retcode_external=0, request=TradeRequest(action=1, magic=123456, order=0, symbol='XAUUSDm', volume=0.13, price=0.0, stoplimit=0.0, sl=4194.709457142857, tp=4189.2570857142855, deviation=0, type=1, type_filling=0, type_time=0, expiration=0, comment='agentic-bot', position=0, position_by=0))",sell,4192.892,4194.709457142857,4189.2570857142855,1.6230714285714904,2.0,70,OPEN
2025-12-02 23:02:15,"OrderSendResult(retcode=10009, deal=2519230432, order=2853600753, volume=0.14, price=4195.377, bid=4195.377, ask=4195.537, comment='agentic-bot', request_id=648108210, retcode_external=0, request=TradeRequest(action=1, magic=123456, order=0, symbol='XAUUSDm', volume=0.14, price=0.0, stoplimit=0.0, sl=4197.6692571428575, tp=4192.727485714285, deviation=0, type=1, type_filling=0, type_time=0, expiration=0, comment='agentic-bot', position=0, position_by=0))",sell,4196.022,4197.6692571428575,4192.727485714285,1.7490714285715643,2.0,70,OPEN
2025-12-02 23:04:36,"OrderSendResult(retcode=10009, deal=2519243329, order=2853616235, volume=0.06, price=4193.523, bid=4193.523, ask=4193.683, comment='agentic-bot', request_id=648108212, retcode_external=0, request=TradeRequest(action=1, magic=123456, order=0, symbol='XAUUSDm', volume=0.06, price=0.0, stoplimit=0.0, sl=4197.714457142858, tp=4185.254085714283, deviation=0, type=1, type_filling=0, type_time=0, expiration=0, comment='agentic-bot', position=0, position_by=0))",sell,4193.561,4197.714457142858,4185.254085714283,1.8055714285715763,2.0,70,OPEN
2025-12-02 23:05:45,"OrderSendResult(retcode=10009, deal=2519247491, order=2853621543, volume=0.06, price=4192.893, bid=4192.893, ask=4193.053, comment='agentic-bot', request_id=648108214, retcode_external=0, request=TradeRequest(action=1, magic=123456, order=0, symbol='XAUUSDm', volume=0.06, price=0.0, stoplimit=0.0, sl=4197.715, tp=4184.211, deviation=0, type=1, type_filling=0, type_time=0, expiration=0, comment='agentic-bot', position=0, position_by=0))",sell,4193.214,4197.715,4184.211,1.8068571428572926,2.0,70,OPEN
2025-12-02 23:08:02,"OrderSendResult(retcode=10009, deal=2519258806, order=2853635033, volume=0.07, price=4193.843, bid=4193.843, ask=4194.003, comment='agentic-bot', request_id=648108219, retcode_external=0, request=TradeRequest(action=1, magic=123456, order=0, symbol='XAUUSDm', volume=0.07, price=0.0, stoplimit=0.0, sl=4197.707085714286, tp=4186.195828571427, deviation=0, type=1, type_filling=0, type_time=0, expiration=0, comment='agentic-bot', position=0, position_by=0))",sell,4193.87,4197.707085714286,4186.195828571427,1.7963571428572973,2.0,70,OPEN
2025-12-02 23:09:11,"OrderSendResult(retcode=10009, deal=2519263506, order=2853640814, volume=0.06, price=4193.01, bid=4193.01, ask=4193.17, comment='agentic-bot', request_id=648108223, retcode_external=0, request=TradeRequest(action=1, magic=123456, order=0, symbol='XAUUSDm', volume=0.06, price=0.0, stoplimit=0.0, sl=4197.6032, tp=4183.8116, deviation=0, type=1, type_filling=0, type_time=0, expiration=0, comment='agentic-bot', position=0, position_by=0))",sell,4193.006,4197.6032,4183.8116,1.6665000000000743,2.0,70,OPEN
2025-12-02 23:10:19,"OrderSendResult(retcode=10009, deal=2519268671, order=2853646896, volume=0.07, price=4193.267, bid=4193.267, ask=4193.427, comment='agentic-bot', request_id=648108228, retcode_external=0, request=TradeRequest(action=1, magic=123456, order=0, symbol='XAUUSDm', volume=0.07, price=0.0, stoplimit=0.0, sl=4197.625771428572, tp=4186.1844571428555, deviation=0, type=1, type_filling=0, type_time=0, expiration=0, comment='agentic-bot', position=0, position_by=0))",sell,4193.812,4197.625771428572,4186.1844571428555,1.6947142857143263,2.0,70,OPEN
2025-12-02 23:11:28,"OrderSendResult(retcode=10009, deal=2519273394, order=2853652682, volume=0.04, price=4191.967, bid=4191.967, ask=4192.1269999999995, comment='agentic-bot', request_id=648108230, retcode_external=0, request=TradeRequest(action=1, magic=123456, order=0, symbol='XAUUSDm', volume=0.04, price=0.0, stoplimit=0.0, sl=4197.658742857143, tp=4179.995514285713, deviation=0, type=1, type_filling=0, type_time=0, expiration=0, comment='agentic-bot', position=0, position_by=0))",sell,4191.771,4197.658742857143,4179.995514285713,1.735928571428628,2.0,70,OPEN
2025-12-02 23:12:35,"OrderSendResult(retcode=10009, deal=2519281116, order=2853661294, volume=0.06, price=4192.237, bid=4192.237, ask=4192.397, comment='agentic-bot', request_id=648108232, retcode_external=0, request=TradeRequest(action=1, magic=123456, order=0, symbol='XAUUSDm', volume=0.06, price=0.0, stoplimit=0.0, sl=4195.824285714286, tp=4183.277428571428, deviation=0, type=1, type_filling=0, type_time=0, expiration=0, comment='agentic-bot', position=0, position_by=0))",sell,4191.642,4195.824285714286,4183.277428571428,1.747857142857161,2.0,70,OPEN
2025-12-02 23:13:41,"OrderSendResult(retcode=10009, deal=2519287671, order=2853668759, volume=0.05, price=4191.559, bid=4191.559, ask=4191.719, comment='agentic-bot', request_id=648108233, retcode_external=0, request=TradeRequest(action=1, magic=123456, order=0, symbol='XAUUSDm', volume=0.05, price=0.0, stoplimit=0.0, sl=4195.826142857142, tp=4181.407714285717, deviation=0, type=1, type_filling=0, type_time=0, expiration=0, comment='agentic-bot', position=0, position_by=0))",sell,4191.02,4195.826142857142,4181.407714285717,1.916428571428631,2.0,70,OPEN
2025-12-02 23:14:49,"OrderSendResult(retcode=10009, deal=2519292527, order=2853674532, volume=0.08, price=4192.901, bid=4192.901, ask=4193.061, comment='agentic-bot', request_id=648108234, retcode_external=0, request=TradeRequest(action=1, magic=123456, order=0, symbol='XAUUSDm', volume=0.08, price=0.0, stoplimit=0.0, sl=4195.8206, tp=4186.4888, deviation=0, type=1, type_filling=0, type_time=0, expiration=0, comment='agentic-bot', position=0, position_by=0))",sell,4192.71,4195.8206,4186.4888,1.9095000000000775,2.0,70,OPEN
2025-12-02 23:15:57,"OrderSendResult(retcode=10009, deal=2519298576, order=2853681607, volume=0.13, price=4194.4220000000005, bid=4194.4220000000005, ask=4194.582, comment='agentic-bot', request_id=648108235, retcode_external=0, request=TradeRequest(action=1, magic=123456, order=0, symbol='XAUUSDm', volume=0.13, price=0.0, stoplimit=0.0, sl=4195.8018, tp=4189.8594, deviation=0, type=1, type_filling=0, type_time=0, expiration=0, comment='agentic-bot', position=0, position_by=0))",sell,4193.821,4195.8018,4189.8594,1.7785000000000244,2.0,70,OPEN
